{
    "0": {
        "cases": {
            "case11": {
                "Augmented KF": {
                    "all": 0.9061249439407393,
                    "predict": 1.0984268618847821,
                    "train": 0.33047073142627476
                },
                "RNN initial": {
                    "all": 1.4983486205665615,
                    "predict": 1.58343693275214,
                    "train": 1.3269545567623797
                },
                "RNN trained": {
                    "all": 0.7571179715782734,
                    "predict": 0.732981018480678,
                    "train": 0.7997785106981811
                }
            }
        },
        "params": {
            "DeltaE": [
                0,
                -1
            ],
            "T1": 0.1,
            "activation": [
                "linear",
                "linear"
            ],
            "cases": [
                "case11"
            ],
            "centering": [
                0.0,
                0.0
            ],
            "dense_layers": 1,
            "dense_units": 1,
            "epochs": 5000,
            "fm_raise_vs_rain": 2.0,
            "hidden_units": 6,
            "id": 0,
            "note": "check 5 should give zero error",
            "purpose": "reproducibility",
            "rain_do": false,
            "scale": 0,
            "synthetic": false,
            "timesteps": 5,
            "verbose": false,
            "verbose_fit": false,
            "verbose_weights": false
        }
    },
    "1": {
        "cases": {
            "case10": {
                "Augmented KF": {
                    "all": 1.124729422409734,
                    "predict": 1.4170835271066387,
                    "train": 0.72243119012905
                },
                "RNN initial": {
                    "all": 30.83903197167338,
                    "predict": 2.894544324191159,
                    "train": 43.5168174279218
                },
                "RNN trained": {
                    "all": 2.9025350397988077,
                    "predict": 3.666477240304604,
                    "train": 1.845633755881179
                }
            },
            "case11": {
                "Augmented KF": {
                    "all": 0.9381104126731539,
                    "predict": 1.2955200737612529,
                    "train": 0.28588464669028313
                },
                "RNN initial": {
                    "all": 1.4983481199770357,
                    "predict": 1.3489755877288487,
                    "train": 1.6341233249020841
                },
                "RNN trained": {
                    "all": 0.6857216599959906,
                    "predict": 0.6705952439700319,
                    "train": 0.7005215262503268
                }
            },
            "case7": {
                "Augmented KF": {
                    "all": 2.062032898281509,
                    "predict": 2.9044740769065704,
                    "train": 0.2607483149863215
                },
                "RNN initial": {
                    "all": 13.606716766982968,
                    "predict": 18.89912217076865,
                    "train": 3.6205888372130537
                },
                "RNN trained": {
                    "all": 4.559104179598284,
                    "predict": 6.259698151022319,
                    "train": 1.5450051452823186
                }
            },
            "case8": {
                "Augmented KF": {
                    "all": 1.9797317663128065,
                    "predict": 2.7168888577236636,
                    "train": 0.676158759370206
                },
                "RNN initial": {
                    "all": 18.031544051061417,
                    "predict": 16.183832458866224,
                    "train": 19.70676860051096
                },
                "RNN trained": {
                    "all": 3.3978909307803584,
                    "predict": 3.5011236486877704,
                    "train": 3.291421995362803
                }
            },
            "case9": {
                "Augmented KF": {
                    "all": 5.574818223890552,
                    "predict": 7.871270021958024,
                    "train": 0.4475541311052058
                },
                "RNN initial": {
                    "all": 24.520912753842964,
                    "predict": 34.044406586465804,
                    "train": 6.597628720878505
                },
                "RNN trained": {
                    "all": 3.977214728911933,
                    "predict": 5.317459511619198,
                    "train": 1.833329850855696
                }
            }
        },
        "params": {
            "DeltaE": [
                0,
                -1
            ],
            "T1": 0.1,
            "activation": [
                "linear",
                "linear"
            ],
            "cases": [
                "case1",
                "case2",
                "case3",
                "case4",
                "case5",
                "case6",
                "case7",
                "case8",
                "case9",
                "case10",
                "case11"
            ],
            "centering": [
                0.0,
                0.0
            ],
            "dense_layers": 1,
            "dense_units": 1,
            "epochs": 1000,
            "fm_raise_vs_rain": 2.0,
            "hidden_units": 20,
            "id": 1,
            "purpose": "test 1",
            "rain_do": true,
            "scale": 1,
            "synthetic": false,
            "timesteps": 5,
            "train_frac": 0.5,
            "verbose": false,
            "verbose_fit": false,
            "verbose_weights": false
        }
    },
    "2": {
        "cases": {
            "case10": {
                "Augmented KF": {
                    "all": 1.124729422409734,
                    "predict": 1.4170835271066387,
                    "train": 0.72243119012905
                },
                "RNN initial": {
                    "all": 1.8241236805991292,
                    "predict": 2.2133346582535807,
                    "train": 1.325143046926834
                },
                "RNN trained": {
                    "all": 1.7212577064048864,
                    "predict": 2.2346262423995684,
                    "train": 0.9653505790621377
                }
            },
            "case11": {
                "Augmented KF": {
                    "all": 0.9381104126731539,
                    "predict": 1.2955200737612529,
                    "train": 0.28588464669028313
                },
                "RNN initial": {
                    "all": 0.7204269522195984,
                    "predict": 0.5547409877209436,
                    "train": 0.8545714853136812
                },
                "RNN trained": {
                    "all": 0.7137695904313113,
                    "predict": 0.6958704894942551,
                    "train": 0.7312306874714637
                }
            },
            "case7": {
                "Augmented KF": {
                    "all": 2.062032898281509,
                    "predict": 2.9044740769065704,
                    "train": 0.2607483149863215
                },
                "RNN initial": {
                    "all": 2.7130134887563875,
                    "predict": 3.350607752762744,
                    "train": 1.8693079113603535
                },
                "RNN trained": {
                    "all": 2.6055288898668345,
                    "predict": 3.451741642030297,
                    "train": 1.2895895581677863
                }
            },
            "case8": {
                "Augmented KF": {
                    "all": 1.9797317663128065,
                    "predict": 2.7168888577236636,
                    "train": 0.676158759370206
                },